{"cameraMode":{"drawMode":0,"name":"Shaded","section":"Shading Mode"},"sceneLighting":true,"audioPlay":false,"sceneViewState":{"m_AlwaysRefresh":false,"showFog":true,"showSkybox":true,"showFlares":true,"showImageEffects":true,"showParticleSystems":true,"showVisualEffectGraphs":true,"m_FxEnabled":true},"in2DMode":false,"pivot":{"x":327.5838623046875,"y":117.86825561523438,"z":322.57269287109377},"rotation":{"x":-0.0018082874594256282,"y":0.039587363600730899,"z":-0.00007157516665756702,"w":-0.9992145299911499},"size":290.86962890625,"orthographic":false}